category1,category2,industry_Type,attribute_Type,purchase_supply,crawl_Time
童装,儿童防晒衣/皮肤衣,热门基础属性,"中性 : 3,570/2,795",2019-10-05 18:34:29
童装,儿童防晒衣/皮肤衣,热门基础属性,"女童 : 2,795/1,178",2019-10-05 18:34:29
童装,儿童防晒衣/皮肤衣,热门基础属性,"男童 : 1,178/1,716",2019-10-05 18:34:29
童装,儿童防晒衣/皮肤衣,热门基础属性,"中性/男女… : 1,716/337",2019-10-05 18:34:29
童装,儿童防晒衣/皮肤衣,热门基础属性,连帽 : 337/701,2019-10-05 18:34:29
童装,儿童防晒衣/皮肤衣,热门基础属性,不连帽 : 701/250,2019-10-05 18:34:29
童装,儿童防晒衣/皮肤衣,热门基础属性,白色 : 250/78,2019-10-05 18:34:29
童装,儿童防晒衣/皮肤衣,热门基础属性,"600 : 78/2,289",2019-10-05 18:34:29
童装,儿童防晒衣/皮肤衣,热门基础属性,"606 : 2,289/2,208",2019-10-05 18:34:29
童装,儿童防晒衣/皮肤衣,热门基础属性,"601 : 2,208/803",2019-10-05 18:34:29
童装,儿童防晒衣/皮肤衣,热门基础属性,蕾丝 : 803/839,2019-10-05 18:34:29
童装,儿童防晒衣/皮肤衣,热门基础属性,"2019年… : 839/1,401",2019-10-05 18:34:29
童装,儿童防晒衣/皮肤衣,热门基础属性,"2019夏季 : 1,401/2,137",2019-10-05 18:34:29
童装,儿童防晒衣/皮肤衣,热门基础属性,"2019 : 2,137/41",2019-10-05 18:34:29
童装,儿童防晒衣/皮肤衣,热门基础属性,夏季 : 41/12,2019-10-05 18:34:29
童装,儿童防晒衣/皮肤衣,热门基础属性,2019夏 : 12/31,2019-10-05 18:34:29
童装,儿童防晒衣/皮肤衣,热门基础属性,洹彩 : 31/14,2019-10-05 18:34:29
童装,儿童防晒衣/皮肤衣,热门基础属性,沃克森琦 : 14/6,2019-10-05 18:34:29
童装,儿童防晒衣/皮肤衣,热门基础属性,外贸 : 6/9,2019-10-05 18:34:29
童装,儿童防晒衣/皮肤衣,热门基础属性,vvc : 9/2,2019-10-05 18:34:29
童装,儿童防晒衣/皮肤衣,热门基础属性,盈湖 : 2/8,2019-10-05 18:34:29
童装,儿童内衣内裤,热门基础属性,儿童通用 : 631/233,2019-10-05 18:34:29
童装,儿童内衣内裤,热门基础属性,男童 : 233/172,2019-10-05 18:34:29
童装,儿童内衣内裤,热门基础属性,女童 : 172/41,2019-10-05 18:34:29
童装,儿童内衣内裤,热门基础属性,棉毛裤/秋裤 : 41/50,2019-10-05 18:34:29
童装,儿童内衣内裤,热门基础属性,护肚裤 : 50/29,2019-10-05 18:34:29
童装,儿童内衣内裤,热门基础属性,中腰 : 29/591,2019-10-05 18:34:29
童装,儿童内衣内裤,热门基础属性,高腰 : 591/221,2019-10-05 18:34:29
童装,儿童内衣内裤,热门基础属性,秋冬 : 221/206,2019-10-05 18:34:29
童装,儿童内衣内裤,热门基础属性,春秋 : 206/63,2019-10-05 18:34:29
童装,儿童内衣内裤,热门基础属性,冬季 : 63/426,2019-10-05 18:34:29
童装,儿童内衣内裤,热门基础属性,秋季 : 426/159,2019-10-05 18:34:29
童装,儿童内衣内裤,热门基础属性,爸妈亲 : 159/422,2019-10-05 18:34:29
童装,儿童内衣内裤,热门基础属性,好鑫 : 422/133,2019-10-05 18:34:29
童装,儿童内衣内裤,热门基础属性,巴布豆 : 133/347,2019-10-05 18:34:29
童装,儿童内衣内裤,热门基础属性,南极人 : 347/142,2019-10-05 18:34:29
童装,儿童内衣内裤,热门基础属性,小素材 : 142/218,2019-10-05 18:34:29
童装,儿童袜,热门基础属性,"秋季 : 232,879/62,010",2019-10-05 18:34:29
童装,儿童袜,热门基础属性,"春季 : 62,010/178,998",2019-10-05 18:34:29
童装,儿童袜,热门基础属性,"冬季 : 178,998/56,346",2019-10-05 18:34:29
童装,儿童袜,热门基础属性,"春秋 : 56,346/165,803",2019-10-05 18:34:29
童装,儿童袜,热门基础属性,"夏季 : 165,803/47,621",2019-10-05 18:34:29
童装,儿童袜,热门基础属性,"中等 : 47,621/116,323",2019-10-05 18:34:29
童装,儿童袜,热门基础属性,"薄款 : 116,323/79,423",2019-10-05 18:34:29
童装,儿童袜,热门基础属性,"加厚 : 79,423/101,633",2019-10-05 18:34:29
童装,儿童袜,热门基础属性,"超薄 : 101,633/62,915",2019-10-05 18:34:29
童装,儿童袜,热门基础属性,"中筒 : 62,915/215,088",2019-10-05 18:34:29
童装,儿童袜,热门基础属性,"连裤 : 215,088/69,281",2019-10-05 18:34:29
童装,儿童袜,热门基础属性,"短筒 : 69,281/62,447",2019-10-05 18:34:29
童装,儿童袜,热门基础属性,"长筒 : 62,447/65,708",2019-10-05 18:34:29
童装,儿童袜,热门基础属性,"可爱 : 65,708/60,539",2019-10-05 18:34:29
童装,儿童袜,热门基础属性,"卡通 : 60,539/60,626",2019-10-05 18:34:29
童装,儿童袜,热门基础属性,"公主 : 60,626/11,035",2019-10-05 18:34:29
童装,儿童袜,热门基础属性,"条纹 : 11,035/7,808",2019-10-05 18:34:29
童装,儿童袜,热门基础属性,"花边 : 7,808/151,507",2019-10-05 18:34:29
童装,儿童袜,热门基础属性,"连裤袜 : 151,507/62,411",2019-10-05 18:34:29
童装,儿童袜,热门基础属性,"地板袜 : 62,411/81,580",2019-10-05 18:34:29
童装,儿童袜,热门基础属性,"船袜 : 81,580/79,714",2019-10-05 18:34:29
童装,儿童袜,热门基础属性,"袜套 : 79,714/60,271",2019-10-05 18:34:29
童装,儿童袜,热门基础属性,"丝袜 : 60,271/21,202",2019-10-05 18:34:29
童装,连身衣、爬服,热门基础属性,"长袖 : 300,916/90,655",2019-10-05 18:34:30
童装,连身衣、爬服,热门基础属性,"短袖 : 90,655/47,260",2019-10-05 18:34:30
童装,连身衣、爬服,热门基础属性,"无袖 : 47,260/39,454",2019-10-05 18:34:30
童装,连身衣、爬服,热门基础属性,"普通 : 39,454/26,037",2019-10-05 18:34:30
童装,连身衣、爬服,热门基础属性,"加厚 : 26,037/22,178",2019-10-05 18:34:30
童装,连身衣、爬服,热门基础属性,"薄款 : 22,178/239,531",2019-10-05 18:34:30
童装,连身衣、爬服,热门基础属性,"加绒 : 239,531/74,618",2019-10-05 18:34:30
童装,连身衣、爬服,热门基础属性,"长爬 : 74,618/86,963",2019-10-05 18:34:30
童装,连身衣、爬服,热门基础属性,"三角爬 : 86,963/41,912",2019-10-05 18:34:30
童装,连身衣、爬服,热门基础属性,"短爬 : 41,912/47,527",2019-10-05 18:34:30
童装,连身衣、爬服,热门基础属性,"蝴蝶衣 : 47,527/35,373",2019-10-05 18:34:30
童装,连身衣、爬服,热门基础属性,"三角哈衣 : 35,373/1",2019-10-05 18:34:30
童装,连身衣、爬服,热门基础属性,秋季 : 1/23,2019-10-05 18:34:30
童装,连身衣、爬服,热门基础属性,"春季 : 23/222,319",2019-10-05 18:34:30
童装,连身衣、爬服,热门基础属性,"春秋 : 222,319/67,400",2019-10-05 18:34:30
童装,连身衣、爬服,热门基础属性,"冬季 : 67,400/65,346",2019-10-05 18:34:30
童装,连身衣、爬服,热门基础属性,"夏季 : 65,346/32,917",2019-10-05 18:34:30
童装,连身衣、爬服,热门基础属性,"韩版 : 32,917/39,372",2019-10-05 18:34:30
童装,连身衣、爬服,热门基础属性,"休闲 : 39,372/27,366",2019-10-05 18:34:30
童装,连身衣、爬服,热门基础属性,"欧美 : 27,366/7,487",2019-10-05 18:34:30
童装,连身衣、爬服,热门基础属性,"公主 : 7,487/2,667",2019-10-05 18:34:30
童装,连身衣、爬服,热门基础属性,"中性 : 2,667/2",2019-10-05 18:34:30
童装,亲子装,热门基础属性,"家庭装 : 90,075/34,218",2019-10-05 18:34:30
童装,亲子装,热门基础属性,"母女装 : 34,218/37,486",2019-10-05 18:34:30
童装,亲子装,热门基础属性,"母子装 : 37,486/22,246",2019-10-05 18:34:30
童装,亲子装,热门基础属性,"父子装 : 22,246/4,412",2019-10-05 18:34:30
童装,亲子装,热门基础属性,"父女装 : 4,412/3,127",2019-10-05 18:34:30
童装,亲子装,热门基础属性,"秋季 : 3,127/869",2019-10-05 18:34:30
童装,亲子装,热门基础属性,春秋 : 869/746,2019-10-05 18:34:30
童装,亲子装,热门基础属性,春季 : 746/94,2019-10-05 18:34:30
童装,亲子装,热门基础属性,冬季 : 94/84,2019-10-05 18:34:30
童装,亲子装,热门基础属性,"夏季 : 84/72,311",2019-10-05 18:34:30
童装,亲子装,热门基础属性,"韩版 : 72,311/16,291",2019-10-05 18:34:30
童装,亲子装,热门基础属性,"休闲 : 16,291/48,097",2019-10-05 18:34:30
童装,亲子装,热门基础属性,"欧美 : 48,097/14,925",2019-10-05 18:34:30
童装,亲子装,热门基础属性,"运动 : 14,925/45,383",2019-10-05 18:34:30
童装,亲子装,热门基础属性,"百搭 : 45,383/15,238",2019-10-05 18:34:30
童装,亲子装,热门基础属性,"卫衣/绒衫 : 15,238/44,991",2019-10-05 18:34:30
童装,亲子装,热门基础属性,"套装 : 44,991/9,442",2019-10-05 18:34:30
童装,亲子装,热门基础属性,"家居服 : 9,442/35,728",2019-10-05 18:34:30
童装,亲子装,热门基础属性,"外套 : 35,728/33,502",2019-10-05 18:34:30
童装,亲子装,热门基础属性,"印花 : 33,502/55,258",2019-10-05 18:34:30
童装,亲子装,热门基础属性,"卡通 : 55,258/17,945",2019-10-05 18:34:30
童装,亲子装,热门基础属性,"套装 : 17,945/30,498",2019-10-05 18:34:30
童装,亲子装,热门基础属性,"运动 : 30,498/21,946",2019-10-05 18:34:30
童装,亲子装,热门基础属性,"条纹 : 21,946/15,134",2019-10-05 18:34:30
童装,童T恤,热门基础属性,"长袖 : 189,537/83,491",2019-10-05 18:34:30
童装,童T恤,热门基础属性,"短袖 : 83,491/98,287",2019-10-05 18:34:30
童装,童T恤,热门基础属性,"无袖 : 98,287/122,149",2019-10-05 18:34:30
童装,童T恤,热门基础属性,"五分袖/中袖 : 122,149/3,620",2019-10-05 18:34:30
童装,童T恤,热门基础属性,"七分 : 3,620/6,294",2019-10-05 18:34:30
童装,童T恤,热门基础属性,"韩版 : 6,294/1,463",2019-10-05 18:34:30
童装,童T恤,热门基础属性,"休闲 : 1,463/1,100",2019-10-05 18:34:30
童装,童T恤,热门基础属性,"欧美 : 1,100/1,090",2019-10-05 18:34:30
童装,童T恤,热门基础属性,"百搭 : 1,090/796",2019-10-05 18:34:30
童装,童T恤,热门基础属性,"运动 : 796/174,668",2019-10-05 18:34:30
童装,童T恤,热门基础属性,"秋季 : 174,668/98,820",2019-10-05 18:34:30
童装,童T恤,热门基础属性,"春季 : 98,820/53,240",2019-10-05 18:34:30
童装,童T恤,热门基础属性,"夏季 : 53,240/57,324",2019-10-05 18:34:30
童装,童T恤,热门基础属性,"春秋 : 57,324/39,954",2019-10-05 18:34:30
童装,童T恤,热门基础属性,"冬季 : 39,954/29,391",2019-10-05 18:34:30
童装,童T恤,热门基础属性,"卡通 : 29,391/15,025",2019-10-05 18:34:30
童装,童T恤,热门基础属性,"纯色 : 15,025/10,564",2019-10-05 18:34:30
童装,童T恤,热门基础属性,"字母 : 10,564/3,615",2019-10-05 18:34:30
童装,童T恤,热门基础属性,"条纹 : 3,615/5,063",2019-10-05 18:34:30
童装,童T恤,热门基础属性,"格子 : 5,063/149,178",2019-10-05 18:34:30
童装,童T恤,热门基础属性,"卡通 : 149,178/53,736",2019-10-05 18:34:30
童装,童T恤,热门基础属性,"印花 : 53,736/122,388",2019-10-05 18:34:30
童装,童T恤,热门基础属性,"字母 : 122,388/49,153",2019-10-05 18:34:30
童装,童T恤,热门基础属性,"欧美 : 49,153/115,470",2019-10-05 18:34:30
童装,童T恤,热门基础属性,"条纹 : 115,470/126,695",2019-10-05 18:34:30
童装,童背心/吊带衫,热门基础属性,"夏季 : 10,166/8,447",2019-10-05 18:34:30
童装,童背心/吊带衫,热门基础属性,"秋季 : 8,447/7,279",2019-10-05 18:34:30
童装,童背心/吊带衫,热门基础属性,"冬季 : 7,279/2,779",2019-10-05 18:34:30
童装,童背心/吊带衫,热门基础属性,"春季 : 2,779/5,746",2019-10-05 18:34:30
童装,童背心/吊带衫,热门基础属性,"春秋 : 5,746/1,987",2019-10-05 18:34:30
童装,童背心/吊带衫,热门基础属性,"韩版 : 1,987/5,054",2019-10-05 18:34:30
童装,童背心/吊带衫,热门基础属性,"休闲 : 5,054/2,529",2019-10-05 18:34:30
童装,童背心/吊带衫,热门基础属性,"百搭 : 2,529/3,593",2019-10-05 18:34:30
童装,童背心/吊带衫,热门基础属性,"欧美 : 3,593/1,489",2019-10-05 18:34:30
童装,童背心/吊带衫,热门基础属性,"运动 : 1,489/7,577",2019-10-05 18:34:30
童装,童背心/吊带衫,热门基础属性,"无袖 : 7,577/4,995",2019-10-05 18:34:30
童装,童背心/吊带衫,热门基础属性,"针织背心 : 4,995/4,530",2019-10-05 18:34:30
童装,童背心/吊带衫,热门基础属性,"工字型 : 4,530/3,078",2019-10-05 18:34:30
童装,童背心/吊带衫,热门基础属性,"吊带款 : 3,078/2,017",2019-10-05 18:34:30
童装,童背心/吊带衫,热门基础属性,"吊带裙 : 2,017/992",2019-10-05 18:34:30
童装,童背心/吊带衫,热门基础属性,卡通 : 992/777,2019-10-05 18:34:30
童装,童背心/吊带衫,热门基础属性,纯色 : 777/746,2019-10-05 18:34:30
童装,童背心/吊带衫,热门基础属性,条纹 : 746/473,2019-10-05 18:34:30
童装,童背心/吊带衫,热门基础属性,字母 : 473/637,2019-10-05 18:34:30
童装,童背心/吊带衫,热门基础属性,"格子 : 637/7,413",2019-10-05 18:34:30
童装,童背心/吊带衫,热门基础属性,"卡通 : 7,413/5,606",2019-10-05 18:34:30
童装,童背心/吊带衫,热门基础属性,"印花 : 5,606/4,863",2019-10-05 18:34:30
童装,童背心/吊带衫,热门基础属性,"条纹 : 4,863/2,696",2019-10-05 18:34:30
童装,童背心/吊带衫,热门基础属性,"字母 : 2,696/1,689",2019-10-05 18:34:30
童装,童背心/吊带衫,热门基础属性,"套装 : 1,689/1,186",2019-10-05 18:34:30
童装,童表演服/舞蹈服/摄影服,热门基础属性,"中性/男女… : 53,842/64,561",2019-10-05 18:34:31
童装,童表演服/舞蹈服/摄影服,热门基础属性,"中性 : 64,561/532",2019-10-05 18:34:31
童装,童表演服/舞蹈服/摄影服,热门基础属性,儿童 : 532/355,2019-10-05 18:34:31
童装,童表演服/舞蹈服/摄影服,热门基础属性,女童 : 355/6,2019-10-05 18:34:31
童装,童表演服/舞蹈服/摄影服,热门基础属性,套装 : 6/1,2019-10-05 18:34:31
童装,童表演服/舞蹈服/摄影服,热门基础属性,公主 : 1/5,2019-10-05 18:34:31
童装,童表演服/舞蹈服/摄影服,热门基础属性,卡通 : 5/2,2019-10-05 18:34:31
童装,童表演服/舞蹈服/摄影服,热门基础属性,"军装 : 2/46,274",2019-10-05 18:34:31
童装,童表演服/舞蹈服/摄影服,热门基础属性,"背带 : 46,274/32,201",2019-10-05 18:34:31
童装,童表演服/舞蹈服/摄影服,热门基础属性,"练功 : 32,201/22,987",2019-10-05 18:34:31
童装,童表演服/舞蹈服/摄影服,热门基础属性,"芭蕾 : 22,987/13,339",2019-10-05 18:34:31
童装,童表演服/舞蹈服/摄影服,热门基础属性,"民族 : 13,339/15,104",2019-10-05 18:34:31
童装,童表演服/舞蹈服/摄影服,热门基础属性,"拉丁 : 15,104/5,110",2019-10-05 18:34:31
童装,童表演服/舞蹈服/摄影服,热门基础属性,"街舞 : 5,110/3,483",2019-10-05 18:34:31
童装,童表演服/舞蹈服/摄影服,热门基础属性,"夏季 : 3,483/2,771",2019-10-05 18:34:31
童装,童表演服/舞蹈服/摄影服,热门基础属性,"春秋 : 2,771/3,211",2019-10-05 18:34:31
童装,童表演服/舞蹈服/摄影服,热门基础属性,"秋季 : 3,211/4,855",2019-10-05 18:34:31
童装,童表演服/舞蹈服/摄影服,热门基础属性,"冬季 : 4,855/23,603",2019-10-05 18:34:31
童装,童表演服/舞蹈服/摄影服,热门基础属性,"春季 : 23,603/17,493",2019-10-05 18:34:31
童装,童表演服/舞蹈服/摄影服,热门基础属性,"公主 : 17,493/8,273",2019-10-05 18:34:31
童装,童表演服/舞蹈服/摄影服,热门基础属性,"韩版 : 8,273/5,174",2019-10-05 18:34:31
童装,童表演服/舞蹈服/摄影服,热门基础属性,"民族 : 5,174/8,125",2019-10-05 18:34:31
童装,童表演服/舞蹈服/摄影服,热门基础属性,"嘻哈 : 8,125/12,075",2019-10-05 18:34:31
童装,童表演服/舞蹈服/摄影服,热门基础属性,"中性 : 12,075/6,562",2019-10-05 18:34:31
童装,童衬衫,热门基础属性,"长袖 : 92,945/59,768",2019-10-05 18:34:31
童装,童衬衫,热门基础属性,"短袖 : 59,768/4,661",2019-10-05 18:34:31
童装,童衬衫,热门基础属性,"九分 : 4,661/6,909",2019-10-05 18:34:31
童装,童衬衫,热门基础属性,"无袖 : 6,909/817",2019-10-05 18:34:31
童装,童衬衫,热门基础属性,五分袖/中袖 : 817/360,2019-10-05 18:34:31
童装,童衬衫,热门基础属性,韩版 : 360/744,2019-10-05 18:34:31
童装,童衬衫,热门基础属性,"休闲 : 744/2,486",2019-10-05 18:34:31
童装,童衬衫,热门基础属性,"百搭 : 2,486/219",2019-10-05 18:34:31
童装,童衬衫,热门基础属性,欧美 : 219/148,2019-10-05 18:34:31
童装,童衬衫,热门基础属性,"学院 : 148/64,862",2019-10-05 18:34:31
童装,童衬衫,热门基础属性,"秋季 : 64,862/37,166",2019-10-05 18:34:31
童装,童衬衫,热门基础属性,"春秋 : 37,166/15,900",2019-10-05 18:34:31
童装,童衬衫,热门基础属性,"春季 : 15,900/15,001",2019-10-05 18:34:31
童装,童衬衫,热门基础属性,"夏季 : 15,001/5,744",2019-10-05 18:34:31
童装,童衬衫,热门基础属性,"冬季 : 5,744/3,561",2019-10-05 18:34:31
童装,童衬衫,热门基础属性,"格子 : 3,561/3,623",2019-10-05 18:34:31
童装,童衬衫,热门基础属性,"纯色 : 3,623/2,159",2019-10-05 18:34:31
童装,童衬衫,热门基础属性,"卡通 : 2,159/1,159",2019-10-05 18:34:31
童装,童衬衫,热门基础属性,"条纹 : 1,159/2,043",2019-10-05 18:34:31
童装,童衬衫,热门基础属性,"字母 : 2,043/58,261",2019-10-05 18:34:31
童装,童衬衫,热门基础属性,"格子 : 58,261/23,524",2019-10-05 18:34:31
童装,童衬衫,热门基础属性,"开衫 : 23,524/47,955",2019-10-05 18:34:31
童装,童衬衫,热门基础属性,"卡通 : 47,955/37,799",2019-10-05 18:34:31
童装,童衬衫,热门基础属性,"印花 : 37,799/40,794",2019-10-05 18:34:31
童装,童衬衫,热门基础属性,"条纹 : 40,794/19,246",2019-10-05 18:34:31
童装,童打底裤,热门基础属性,"长裤 : 25,578/7,615",2019-10-05 18:34:31
童装,童打底裤,热门基础属性,"九分裤 : 7,615/3,176",2019-10-05 18:34:31
童装,童打底裤,热门基础属性,"踩脚裤 : 3,176/8,000",2019-10-05 18:34:31
童装,童打底裤,热门基础属性,"七分裤 : 8,000/1,251",2019-10-05 18:34:31
童装,童打底裤,热门基础属性,"三分裤/安… : 1,251/483",2019-10-05 18:34:31
童装,童打底裤,热门基础属性,女童 : 483/597,2019-10-05 18:34:31
童装,童打底裤,热门基础属性,中性 : 597/311,2019-10-05 18:34:31
童装,童打底裤,热门基础属性,中性/男女… : 311/161,2019-10-05 18:34:31
童装,童打底裤,热门基础属性,男童 : 161/157,2019-10-05 18:34:31
童装,童打底裤,热门基础属性,"亲子 : 157/22,615",2019-10-05 18:34:31
童装,童打底裤,热门基础属性,"韩版 : 22,615/14,472",2019-10-05 18:34:31
童装,童打底裤,热门基础属性,"百搭 : 14,472/7,049",2019-10-05 18:34:31
童装,童打底裤,热门基础属性,"休闲 : 7,049/1,673",2019-10-05 18:34:31
童装,童打底裤,热门基础属性,"欧美 : 1,673/411",2019-10-05 18:34:31
童装,童打底裤,热门基础属性,运动 : 411/104,2019-10-05 18:34:31
童装,童打底裤,热门基础属性,黑色 : 104/234,2019-10-05 18:34:31
童装,童打底裤,热门基础属性,粉色 : 234/195,2019-10-05 18:34:31
童装,童打底裤,热门基础属性,白色 : 195/104,2019-10-05 18:34:31
童装,童打底裤,热门基础属性,红色 : 104/66,2019-10-05 18:34:31
童装,童打底裤,热门基础属性,"肉色 : 66/20,600",2019-10-05 18:34:31
童装,童打底裤,热门基础属性,"春秋 : 20,600/6,240",2019-10-05 18:34:31
童装,童打底裤,热门基础属性,"秋冬 : 6,240/4,117",2019-10-05 18:34:31
童装,童打底裤,热门基础属性,"秋季 : 4,117/1,412",2019-10-05 18:34:31
童装,童打底裤,热门基础属性,"冬季 : 1,412/2,227",2019-10-05 18:34:31
童装,童打底裤,热门基础属性,"夏季 : 2,227/1,059",2019-10-05 18:34:31
童装,童打底衫,热门基础属性,"长袖 : 37,437/11,062",2019-10-05 18:34:31
童装,童打底衫,热门基础属性,"短袖 : 11,062/234",2019-10-05 18:34:31
童装,童打底衫,热门基础属性,无袖 : 234/284,2019-10-05 18:34:31
童装,童打底衫,热门基础属性,九分袖 : 284/204,2019-10-05 18:34:31
童装,童打底衫,热门基础属性,七分袖 : 204/107,2019-10-05 18:34:31
童装,童打底衫,热门基础属性,韩版 : 107/86,2019-10-05 18:34:31
童装,童打底衫,热门基础属性,百搭 : 86/57,2019-10-05 18:34:31
童装,童打底衫,热门基础属性,休闲 : 57/55,2019-10-05 18:34:31
童装,童打底衫,热门基础属性,简约 : 55/44,2019-10-05 18:34:31
童装,童打底衫,热门基础属性,"欧美 : 44/26,983",2019-10-05 18:34:31
童装,童打底衫,热门基础属性,"女童 : 26,983/8,416",2019-10-05 18:34:31
童装,童打底衫,热门基础属性,"儿童通用 : 8,416/5,031",2019-10-05 18:34:31
童装,童打底衫,热门基础属性,"男童 : 5,031/1,198",2019-10-05 18:34:31
童装,童打底衫,热门基础属性,"中性/男女… : 1,198/4,218",2019-10-05 18:34:31
童装,童打底衫,热门基础属性,"亲子 : 4,218/1,512",2019-10-05 18:34:31
童装,童打底衫,热门基础属性,"纯色 : 1,512/1,666",2019-10-05 18:34:31
童装,童打底衫,热门基础属性,"卡通 : 1,666/482",2019-10-05 18:34:31
童装,童打底衫,热门基础属性,条纹 : 482/528,2019-10-05 18:34:31
童装,童打底衫,热门基础属性,字母 : 528/251,2019-10-05 18:34:31
童装,童打底衫,热门基础属性,"花朵 : 251/18,855",2019-10-05 18:34:31
童装,童打底衫,热门基础属性,"可爱 : 18,855/6,131",2019-10-05 18:34:31
童装,童打底衫,热门基础属性,"卡通 : 6,131/17,441",2019-10-05 18:34:31
童装,童打底衫,热门基础属性,"条纹 : 17,441/4,542",2019-10-05 18:34:31
童装,童打底衫,热门基础属性,"字母 : 4,542/1,759",2019-10-05 18:34:31
童装,童打底衫,热门基础属性,"印花 : 1,759/1,256",2019-10-05 18:34:31
童装,童家居服,热门基础属性,"秋季 : 83,175/21,666",2019-10-05 18:34:32
童装,童家居服,热门基础属性,"冬季 : 21,666/63,774",2019-10-05 18:34:32
童装,童家居服,热门基础属性,"春季 : 63,774/19,021",2019-10-05 18:34:32
童装,童家居服,热门基础属性,"春秋 : 19,021/59,597",2019-10-05 18:34:32
童装,童家居服,热门基础属性,"夏季 : 59,597/18,026",2019-10-05 18:34:32
童装,童家居服,热门基础属性,"套装 : 18,026/47,807",2019-10-05 18:34:32
童装,童家居服,热门基础属性,"睡衣 : 47,807/20,283",2019-10-05 18:34:32
童装,童家居服,热门基础属性,"睡裙 : 20,283/31,874",2019-10-05 18:34:32
童装,童家居服,热门基础属性,"睡袍 : 31,874/26,608",2019-10-05 18:34:32
童装,童家居服,热门基础属性,"浴袍 : 26,608/82,332",2019-10-05 18:34:32
童装,童家居服,热门基础属性,"普通 : 82,332/41,409",2019-10-05 18:34:32
童装,童家居服,热门基础属性,"加厚 : 41,409/30,461",2019-10-05 18:34:32
童装,童家居服,热门基础属性,"薄款 : 30,461/15,932",2019-10-05 18:34:32
童装,童家居服,热门基础属性,"抓绒 : 15,932/4,185",2019-10-05 18:34:32
童装,童家居服,热门基础属性,"夹棉 : 4,185/2,411",2019-10-05 18:34:32
童装,童家居服,热门基础属性,"套装 : 2,411/4,083",2019-10-05 18:34:32
童装,童家居服,热门基础属性,"卡通 : 4,083/1,800",2019-10-05 18:34:32
童装,童家居服,热门基础属性,"可爱 : 1,800/3,475",2019-10-05 18:34:32
童装,童家居服,热门基础属性,"公主 : 3,475/1,664",2019-10-05 18:34:32
童装,童家居服,热门基础属性,"亲子 : 1,664/69,717",2019-10-05 18:34:32
童装,童家居服,热门基础属性,"韩版 : 69,717/20,701",2019-10-05 18:34:32
童装,童家居服,热门基础属性,"休闲 : 20,701/25,264",2019-10-05 18:34:32
童装,童家居服,热门基础属性,"欧美 : 25,264/7,742",2019-10-05 18:34:32
童装,童家居服,热门基础属性,"公主 : 7,742/21,060",2019-10-05 18:34:32
童装,童家居服,热门基础属性,"中性 : 21,060/21,984",2019-10-05 18:34:32
童装,童裤,热门基础属性,"长裤 : 532,558/257,019",2019-10-05 18:34:32
童装,童裤,热门基础属性,"九分裤 : 257,019/31,126",2019-10-05 18:34:32
童装,童裤,热门基础属性,"短裤 : 31,126/23,094",2019-10-05 18:34:32
童装,童裤,热门基础属性,"五分裤/中裤 : 23,094/24,179",2019-10-05 18:34:32
童装,童裤,热门基础属性,"七分裤 : 24,179/32,663",2019-10-05 18:34:32
童装,童裤,热门基础属性,"韩版 : 32,663/10,588",2019-10-05 18:34:32
童装,童裤,热门基础属性,"休闲 : 10,588/18,678",2019-10-05 18:34:32
童装,童裤,热门基础属性,"百搭 : 18,678/9,665",2019-10-05 18:34:32
童装,童裤,热门基础属性,"欧美 : 9,665/14,886",2019-10-05 18:34:32
童装,童裤,热门基础属性,"运动 : 14,886/388,693",2019-10-05 18:34:32
童装,童裤,热门基础属性,"秋季 : 388,693/200,260",2019-10-05 18:34:32
童装,童裤,热门基础属性,"春秋 : 200,260/115,315",2019-10-05 18:34:32
童装,童裤,热门基础属性,"春季 : 115,315/86,503",2019-10-05 18:34:32
童装,童裤,热门基础属性,"冬季 : 86,503/38,944",2019-10-05 18:34:32
童装,童裤,热门基础属性,"夏季 : 38,944/20,172",2019-10-05 18:34:32
童装,童裤,热门基础属性,"休闲裤 : 20,172/26,305",2019-10-05 18:34:32
童装,童裤,热门基础属性,"牛仔裤 : 26,305/14,715",2019-10-05 18:34:32
童装,童裤,热门基础属性,"打底裤 : 14,715/25,160",2019-10-05 18:34:32
童装,童裤,热门基础属性,"背带裤 : 25,160/18,953",2019-10-05 18:34:32
童装,童裤,热门基础属性,"哈伦裤 : 18,953/363,806",2019-10-05 18:34:32
童装,童裤,热门基础属性,"运动 : 363,806/130,023",2019-10-05 18:34:32
童装,童裤,热门基础属性,"卡通 : 130,023/244,667",2019-10-05 18:34:32
童装,童裤,热门基础属性,"字母 : 244,667/129,994",2019-10-05 18:34:32
童装,童裤,热门基础属性,"印花 : 129,994/240,919",2019-10-05 18:34:32
童装,童裤,热门基础属性,"背带 : 240,919/100,328",2019-10-05 18:34:32
童装,童礼服,热门基础属性,"公主 : 85,087/22,025",2019-10-05 18:34:32
童装,童礼服,热门基础属性,"网纱 : 22,025/51,519",2019-10-05 18:34:32
童装,童礼服,热门基础属性,"欧美 : 51,519/8,614",2019-10-05 18:34:32
童装,童礼服,热门基础属性,"蕾丝 : 8,614/38,448",2019-10-05 18:34:32
童装,童礼服,热门基础属性,"套装 : 38,448/6,278",2019-10-05 18:34:32
童装,童礼服,热门基础属性,"秋季 : 6,278/27,597",2019-10-05 18:34:32
童装,童礼服,热门基础属性,"夏季 : 27,597/5,425",2019-10-05 18:34:32
童装,童礼服,热门基础属性,"春季 : 5,425/5,753",2019-10-05 18:34:32
童装,童礼服,热门基础属性,"冬季 : 5,753/4,343",2019-10-05 18:34:32
童装,童礼服,热门基础属性,"春秋 : 4,343/74,937",2019-10-05 18:34:32
童装,童礼服,热门基础属性,"公主 : 74,937/15,602",2019-10-05 18:34:32
童装,童礼服,热门基础属性,"欧美 : 15,602/71,066",2019-10-05 18:34:32
童装,童礼服,热门基础属性,"韩版 : 71,066/18,945",2019-10-05 18:34:32
童装,童礼服,热门基础属性,"民族 : 18,945/68,337",2019-10-05 18:34:32
童装,童礼服,热门基础属性,"中性 : 68,337/31,289",2019-10-05 18:34:32
童装,童礼服,热门基础属性,"粉色 : 31,289/63,833",2019-10-05 18:34:32
童装,童礼服,热门基础属性,"白色 : 63,833/11,837",2019-10-05 18:34:32
童装,童礼服,热门基础属性,"红色 : 11,837/48,321",2019-10-05 18:34:32
童装,童礼服,热门基础属性,"蓝色 : 48,321/8,551",2019-10-05 18:34:32
童装,童礼服,热门基础属性,"黑色 : 8,551/60,570",2019-10-05 18:34:32
童装,童礼服,热门基础属性,"其他 : 60,570/18,475",2019-10-05 18:34:32
童装,童马甲,热门基础属性,"冬季 : 63,858/16,778",2019-10-05 18:34:33
童装,童马甲,热门基础属性,"秋季 : 16,778/61,379",2019-10-05 18:34:33
童装,童马甲,热门基础属性,"春秋 : 61,379/14,143",2019-10-05 18:34:33
童装,童马甲,热门基础属性,"春季 : 14,143/28,864",2019-10-05 18:34:33
童装,童马甲,热门基础属性,"夏季 : 28,864/14,520",2019-10-05 18:34:33
童装,童马甲,热门基础属性,"韩版 : 14,520/28,264",2019-10-05 18:34:33
童装,童马甲,热门基础属性,"休闲 : 28,264/7,891",2019-10-05 18:34:33
童装,童马甲,热门基础属性,"百搭 : 7,891/2,613",2019-10-05 18:34:33
童装,童马甲,热门基础属性,"欧美 : 2,613/1,051",2019-10-05 18:34:33
童装,童马甲,热门基础属性,"中性 : 1,051/53,042",2019-10-05 18:34:33
童装,童马甲,热门基础属性,"纯色 : 53,042/13,935",2019-10-05 18:34:33
童装,童马甲,热门基础属性,"卡通 : 13,935/13,375",2019-10-05 18:34:33
童装,童马甲,热门基础属性,"字母 : 13,375/9,008",2019-10-05 18:34:33
童装,童马甲,热门基础属性,"条纹 : 9,008/9,375",2019-10-05 18:34:33
童装,童马甲,热门基础属性,"格子 : 9,375/4,453",2019-10-05 18:34:33
童装,童马甲,热门基础属性,"普通 : 4,453/3,950",2019-10-05 18:34:33
童装,童马甲,热门基础属性,"加厚 : 3,950/1,268",2019-10-05 18:34:33
童装,童马甲,热门基础属性,"薄款 : 1,268/327",2019-10-05 18:34:33
童装,童马甲,热门基础属性,"抓绒 : 327/1,567",2019-10-05 18:34:33
童装,童马甲,热门基础属性,"加绒 : 1,567/41,486",2019-10-05 18:34:33
童装,童马甲,热门基础属性,"可爱 : 41,486/12,360",2019-10-05 18:34:33
童装,童马甲,热门基础属性,"开衫 : 12,360/27,107",2019-10-05 18:34:33
童装,童马甲,热门基础属性,"卡通 : 27,107/6,512",2019-10-05 18:34:33
童装,童马甲,热门基础属性,"印花 : 6,512/7,409",2019-10-05 18:34:33
童装,童马甲,热门基础属性,"字母 : 7,409/2,127",2019-10-05 18:34:33
童装,童毛衣,热门基础属性,"韩版 : 191,236/52,713",2019-10-05 18:34:33
童装,童毛衣,热门基础属性,"欧美 : 52,713/26,191",2019-10-05 18:34:33
童装,童毛衣,热门基础属性,"休闲 : 26,191/5,613",2019-10-05 18:34:33
童装,童毛衣,热门基础属性,"百搭 : 5,613/21,215",2019-10-05 18:34:33
童装,童毛衣,热门基础属性,"甜美 : 21,215/8,563",2019-10-05 18:34:33
童装,童毛衣,热门基础属性,"圆领 : 8,563/16,504",2019-10-05 18:34:33
童装,童毛衣,热门基础属性,"高领 : 16,504/5,650",2019-10-05 18:34:33
童装,童毛衣,热门基础属性,"翻领 : 5,650/8,289",2019-10-05 18:34:33
童装,童毛衣,热门基础属性,"半高领 : 8,289/1,884",2019-10-05 18:34:33
童装,童毛衣,热门基础属性,"可爱 : 1,884/183,953",2019-10-05 18:34:33
童装,童毛衣,热门基础属性,"卡通 : 183,953/51,503",2019-10-05 18:34:33
童装,童毛衣,热门基础属性,"开衫 : 51,503/17,565",2019-10-05 18:34:33
童装,童毛衣,热门基础属性,"条纹 : 17,565/5,895",2019-10-05 18:34:33
童装,童毛衣,热门基础属性,"字母 : 5,895/12,835",2019-10-05 18:34:33
童装,童毛衣,热门基础属性,"纯色 : 12,835/2,924",2019-10-05 18:34:33
童装,童毛衣,热门基础属性,"卡通 : 2,924/685",2019-10-05 18:34:33
童装,童毛衣,热门基础属性,条纹 : 685/281,2019-10-05 18:34:33
童装,童毛衣,热门基础属性,"字母 : 281/102,213",2019-10-05 18:34:33
童装,童毛衣,热门基础属性,"格子 : 102,213/23,517",2019-10-05 18:34:33
童装,童毛衣,热门基础属性,"针织 : 23,517/60,005",2019-10-05 18:34:33
童装,童毛衣,热门基础属性,"水貂绒 : 60,005/16,433",2019-10-05 18:34:33
童装,童毛衣,热门基础属性,"羊毛 : 16,433/34,483",2019-10-05 18:34:33
童装,童毛衣,热门基础属性,"羊绒 : 34,483/7,491",2019-10-05 18:34:33
童装,童毛衣,热门基础属性,"仿貂绒 : 7,491/26,357",2019-10-05 18:34:33
童装,童棉衣,热门基础属性,"冬季 : 142,843/36,391",2019-10-05 18:34:33
童装,童棉衣,热门基础属性,"秋季 : 36,391/54,696",2019-10-05 18:34:33
童装,童棉衣,热门基础属性,"春秋 : 54,696/11,876",2019-10-05 18:34:33
童装,童棉衣,热门基础属性,"不限季节 : 11,876/18,106",2019-10-05 18:34:33
童装,童棉衣,热门基础属性,"夏季 : 18,106/5,844",2019-10-05 18:34:33
童装,童棉衣,热门基础属性,"加厚 : 5,844/2,862",2019-10-05 18:34:33
童装,童棉衣,热门基础属性,"普通 : 2,862/821",2019-10-05 18:34:33
童装,童棉衣,热门基础属性,"薄款 : 821/1,797",2019-10-05 18:34:33
童装,童棉衣,热门基础属性,"加绒 : 1,797/2,312",2019-10-05 18:34:33
童装,童棉衣,热门基础属性,"韩版 : 2,312/113,416",2019-10-05 18:34:33
童装,童棉衣,热门基础属性,"休闲 : 113,416/30,633",2019-10-05 18:34:33
童装,童棉衣,热门基础属性,"欧美 : 30,633/27,039",2019-10-05 18:34:33
童装,童棉衣,热门基础属性,"运动 : 27,039/8,060",2019-10-05 18:34:33
童装,童棉衣,热门基础属性,"中性 : 8,060/7,678",2019-10-05 18:34:33
童装,童棉衣,热门基础属性,"纯色 : 7,678/4,787",2019-10-05 18:34:33
童装,童棉衣,热门基础属性,"卡通 : 4,787/8",2019-10-05 18:34:33
童装,童棉衣,热门基础属性,字母 : 8/21,2019-10-05 18:34:33
童装,童棉衣,热门基础属性,"条纹 : 21/104,081",2019-10-05 18:34:33
童装,童棉衣,热门基础属性,"迷彩 : 104,081/29,280",2019-10-05 18:34:33
童装,童棉衣,热门基础属性,"可爱 : 29,280/19,975",2019-10-05 18:34:33
童装,童棉衣,热门基础属性,"卡通 : 19,975/6,578",2019-10-05 18:34:33
童装,童棉衣,热门基础属性,"印花 : 6,578/11,035",2019-10-05 18:34:33
童装,童棉衣,热门基础属性,"字母 : 11,035/2,193",2019-10-05 18:34:33
童装,童棉衣,热门基础属性,"套装 : 2,193/1,540",2019-10-05 18:34:33
童装,童牛仔服,热门基础属性,"韩版 : 8,852/3,685",2019-10-05 18:34:33
童装,童牛仔服,热门基础属性,"休闲 : 3,685/1,436",2019-10-05 18:34:33
童装,童牛仔服,热门基础属性,"欧美 : 1,436/668",2019-10-05 18:34:33
童装,童牛仔服,热门基础属性,百搭 : 668/729,2019-10-05 18:34:33
童装,童牛仔服,热门基础属性,个性 : 729/318,2019-10-05 18:34:33
童装,童牛仔服,热门基础属性,翻领 : 318/393,2019-10-05 18:34:33
童装,童牛仔服,热门基础属性,圆领 : 393/257,2019-10-05 18:34:33
童装,童牛仔服,热门基础属性,连帽 : 257/144,2019-10-05 18:34:33
童装,童牛仔服,热门基础属性,立领 : 144/58,2019-10-05 18:34:33
童装,童牛仔服,热门基础属性,"衬衣领 : 58/8,122",2019-10-05 18:34:33
童装,童牛仔服,热门基础属性,"秋季 : 8,122/3,381",2019-10-05 18:34:33
童装,童牛仔服,热门基础属性,"春秋 : 3,381/639",2019-10-05 18:34:33
童装,童牛仔服,热门基础属性,春季 : 639/332,2019-10-05 18:34:33
童装,童牛仔服,热门基础属性,冬季 : 332/30,2019-10-05 18:34:33
童装,童牛仔服,热门基础属性,夏季 : 30/21,2019-10-05 18:34:33
童装,童牛仔服,热门基础属性,潮范 : 21/11,2019-10-05 18:34:33
童装,童牛仔服,热门基础属性,卡通 : 11/14,2019-10-05 18:34:33
童装,童牛仔服,热门基础属性,印花 : 14/1,2019-10-05 18:34:33
童装,童牛仔服,热门基础属性,字母 : 1/2,2019-10-05 18:34:33
童装,童牛仔服,热门基础属性,"套装 : 2/6,902",2019-10-05 18:34:33
童装,童牛仔服,热门基础属性,"纯色 : 6,902/2,878",2019-10-05 18:34:33
童装,童牛仔服,热门基础属性,"卡通 : 2,878/5,168",2019-10-05 18:34:33
童装,童牛仔服,热门基础属性,"字母 : 5,168/2,453",2019-10-05 18:34:33
童装,童牛仔服,热门基础属性,"花朵 : 2,453/4,168",2019-10-05 18:34:33
童装,童牛仔服,热门基础属性,"豹纹 : 4,168/2,032",2019-10-05 18:34:33
童装,童披风/斗蓬,热门基础属性,"秋季 : 9,528/1,383",2019-10-05 18:34:34
童装,童披风/斗蓬,热门基础属性,"冬季 : 1,383/8,475",2019-10-05 18:34:34
童装,童披风/斗蓬,热门基础属性,"春季 : 8,475/1,343",2019-10-05 18:34:34
童装,童披风/斗蓬,热门基础属性,"春秋 : 1,343/5,338",2019-10-05 18:34:34
童装,童披风/斗蓬,热门基础属性,"夏季 : 5,338/835",2019-10-05 18:34:34
童装,童披风/斗蓬,热门基础属性,"可爱 : 835/5,247",2019-10-05 18:34:34
童装,童披风/斗蓬,热门基础属性,"公主 : 5,247/694",2019-10-05 18:34:34
童装,童披风/斗蓬,热门基础属性,"卡通 : 694/1,788",2019-10-05 18:34:34
童装,童披风/斗蓬,热门基础属性,"欧美 : 1,788/427",2019-10-05 18:34:34
童装,童披风/斗蓬,热门基础属性,"开衫 : 427/7,308",2019-10-05 18:34:34
童装,童披风/斗蓬,热门基础属性,"韩版 : 7,308/1,127",2019-10-05 18:34:34
童装,童披风/斗蓬,热门基础属性,"百搭 : 1,127/5,505",2019-10-05 18:34:34
童装,童披风/斗蓬,热门基础属性,"欧美 : 5,505/904",2019-10-05 18:34:34
童装,童披风/斗蓬,热门基础属性,"公主 : 904/4,917",2019-10-05 18:34:34
童装,童披风/斗蓬,热门基础属性,"民族 : 4,917/799",2019-10-05 18:34:34
童装,童披风/斗蓬,热门基础属性,"纯色 : 799/2,531",2019-10-05 18:34:34
童装,童披风/斗蓬,热门基础属性,"卡通 : 2,531/468",2019-10-05 18:34:34
童装,童披风/斗蓬,热门基础属性,"动物 : 468/2,007",2019-10-05 18:34:34
童装,童披风/斗蓬,热门基础属性,"格子 : 2,007/352",2019-10-05 18:34:34
童装,童披风/斗蓬,热门基础属性,"字母 : 352/6,631",2019-10-05 18:34:34
童装,童披风/斗蓬,热门基础属性,"加厚 : 6,631/878",2019-10-05 18:34:34
童装,童披风/斗蓬,热门基础属性,"薄款 : 878/2,012",2019-10-05 18:34:34
童装,童披风/斗蓬,热门基础属性,"抓绒 : 2,012/505",2019-10-05 18:34:34
童装,童披风/斗蓬,热门基础属性,"加绒 : 505/1,595",2019-10-05 18:34:34
童装,童皮草/皮毛一体,热门基础属性,"冬季 : 8,024/1,946",2019-10-05 18:34:34
童装,童皮草/皮毛一体,热门基础属性,"秋季 : 1,946/6,062",2019-10-05 18:34:34
童装,童皮草/皮毛一体,热门基础属性,"春季 : 6,062/1,311",2019-10-05 18:34:34
童装,童皮草/皮毛一体,热门基础属性,"纯色 : 1,311/2,599",2019-10-05 18:34:34
童装,童皮草/皮毛一体,热门基础属性,"卡通 : 2,599/552",2019-10-05 18:34:34
童装,童皮草/皮毛一体,热门基础属性,"字母 : 552/5,981",2019-10-05 18:34:34
童装,童皮草/皮毛一体,热门基础属性,"格子 : 5,981/1,288",2019-10-05 18:34:34
童装,童皮草/皮毛一体,热门基础属性,"豹纹 : 1,288/510",2019-10-05 18:34:34
童装,童皮草/皮毛一体,热门基础属性,韩版 : 510/110,2019-10-05 18:34:34
童装,童皮草/皮毛一体,热门基础属性,欧美 : 110/203,2019-10-05 18:34:34
童装,童皮草/皮毛一体,热门基础属性,公主 : 203/61,2019-10-05 18:34:34
童装,童皮草/皮毛一体,热门基础属性,休闲 : 61/131,2019-10-05 18:34:34
童装,童皮草/皮毛一体,热门基础属性,英伦 : 131/37,2019-10-05 18:34:34
童装,童皮草/皮毛一体,热门基础属性,不连帽 : 37/80,2019-10-05 18:34:34
童装,童皮草/皮毛一体,热门基础属性,连帽 : 80/26,2019-10-05 18:34:34
童装,童皮草/皮毛一体,热门基础属性,"羊羔绒 : 26/5,200",2019-10-05 18:34:34
童装,童皮草/皮毛一体,热门基础属性,"羊毛 : 5,200/970",2019-10-05 18:34:34
童装,童皮草/皮毛一体,热门基础属性,仿皮草 : 970/729,2019-10-05 18:34:34
童装,童皮草/皮毛一体,热门基础属性,兔毛 : 729/236,2019-10-05 18:34:34
童装,童皮草/皮毛一体,热门基础属性,獭兔毛 : 236/671,2019-10-05 18:34:34
童装,童皮衣,热门基础属性,"秋季 : 6,040/1,409",2019-10-05 18:34:34
童装,童皮衣,热门基础属性,"冬季 : 1,409/4,709",2019-10-05 18:34:34
童装,童皮衣,热门基础属性,"春秋 : 4,709/1,095",2019-10-05 18:34:34
童装,童皮衣,热门基础属性,"春季 : 1,095/4,668",2019-10-05 18:34:34
童装,童皮衣,热门基础属性,"夏季 : 4,668/974",2019-10-05 18:34:34
童装,童皮衣,热门基础属性,"韩版 : 974/4,121",2019-10-05 18:34:34
童装,童皮衣,热门基础属性,"休闲 : 4,121/788",2019-10-05 18:34:34
童装,童皮衣,热门基础属性,欧美 : 788/98,2019-10-05 18:34:34
童装,童皮衣,热门基础属性,个性 : 98/38,2019-10-05 18:34:34
童装,童皮衣,热门基础属性,"百搭 : 38/5,030",2019-10-05 18:34:34
童装,童皮衣,热门基础属性,"加厚 : 5,030/1,360",2019-10-05 18:34:34
童装,童皮衣,热门基础属性,"抓绒 : 1,360/1,137",2019-10-05 18:34:34
童装,童皮衣,热门基础属性,"薄款 : 1,137/342",2019-10-05 18:34:34
童装,童皮衣,热门基础属性,真皮 : 342/967,2019-10-05 18:34:34
童装,童皮衣,热门基础属性,针织 : 967/172,2019-10-05 18:34:34
童装,童皮衣,热门基础属性,灯芯绒 : 172/533,2019-10-05 18:34:34
童装,童旗袍/唐装/民族服装,热门基础属性,"普通 : 51,134/20,465",2019-10-05 18:34:34
童装,童旗袍/唐装/民族服装,热门基础属性,"薄款 : 20,465/11,321",2019-10-05 18:34:34
童装,童旗袍/唐装/民族服装,热门基础属性,"加厚 : 11,321/8,434",2019-10-05 18:34:34
童装,童旗袍/唐装/民族服装,热门基础属性,"抓绒 : 8,434/9,159",2019-10-05 18:34:34
童装,童旗袍/唐装/民族服装,热门基础属性,"秋季 : 9,159/3,472",2019-10-05 18:34:34
童装,童旗袍/唐装/民族服装,热门基础属性,"春季 : 3,472/743",2019-10-05 18:34:34
童装,童旗袍/唐装/民族服装,热门基础属性,"春秋 : 743/1,416",2019-10-05 18:34:34
童装,童旗袍/唐装/民族服装,热门基础属性,"夏季 : 1,416/42,059",2019-10-05 18:34:34
童装,童旗袍/唐装/民族服装,热门基础属性,"冬季 : 42,059/12,939",2019-10-05 18:34:34
童装,童旗袍/唐装/民族服装,热门基础属性,"套装 : 12,939/30,811",2019-10-05 18:34:34
童装,童旗袍/唐装/民族服装,热门基础属性,"公主 : 30,811/9,942",2019-10-05 18:34:34
童装,童旗袍/唐装/民族服装,热门基础属性,"网纱 : 9,942/29,447",2019-10-05 18:34:34
童装,童旗袍/唐装/民族服装,热门基础属性,"印花 : 29,447/10,371",2019-10-05 18:34:34
童装,童旗袍/唐装/民族服装,热门基础属性,"蕾丝 : 10,371/19,983",2019-10-05 18:34:34
童装,童旗袍/唐装/民族服装,热门基础属性,"雪纺 : 19,983/15,701",2019-10-05 18:34:34
童装,童旗袍/唐装/民族服装,热门基础属性,"绸缎 : 15,701/16,918",2019-10-05 18:34:34
童装,童旗袍/唐装/民族服装,热门基础属性,"棉麻 : 16,918/5,694",2019-10-05 18:34:34
童装,童旗袍/唐装/民族服装,热门基础属性,"蕾丝 : 5,694/31,843",2019-10-05 18:34:34
童装,童旗袍/唐装/民族服装,热门基础属性,"水貂绒 : 31,843/14,400",2019-10-05 18:34:34
童装,童旗袍/唐装/民族服装,热门基础属性,"中式 : 14,400/30,399",2019-10-05 18:34:34
童装,童旗袍/唐装/民族服装,热门基础属性,"公主 : 30,399/11,635",2019-10-05 18:34:34
童装,童旗袍/唐装/民族服装,热门基础属性,"韩版 : 11,635/9,962",2019-10-05 18:34:34
童装,童旗袍/唐装/民族服装,热门基础属性,"中国风 : 9,962/3,050",2019-10-05 18:34:34
童装,童旗袍/唐装/民族服装,热门基础属性,"汉服 : 3,050/8,816",2019-10-05 18:34:34
童装,童裙,热门基础属性,"连衣裙 : 537,340/239,473",2019-10-05 18:34:35
童装,童裙,热门基础属性,"半身裙 : 239,473/38,176",2019-10-05 18:34:35
童装,童裙,热门基础属性,"吊带裙/背… : 38,176/17,967",2019-10-05 18:34:35
童装,童裙,热门基础属性,"裙衫 : 17,967/21,875",2019-10-05 18:34:35
童装,童裙,热门基础属性,"背带裙 : 21,875/18,127",2019-10-05 18:34:35
童装,童裙,热门基础属性,"韩版 : 18,127/6,568",2019-10-05 18:34:35
童装,童裙,热门基础属性,"欧美 : 6,568/11,879",2019-10-05 18:34:35
童装,童裙,热门基础属性,"公主 : 11,879/6,219",2019-10-05 18:34:35
童装,童裙,热门基础属性,"甜美 : 6,219/6,376",2019-10-05 18:34:35
童装,童裙,热门基础属性,"民族 : 6,376/330,627",2019-10-05 18:34:35
童装,童裙,热门基础属性,"公主裙 : 330,627/154,213",2019-10-05 18:34:35
童装,童裙,热门基础属性,"百褶裙 : 154,213/136,945",2019-10-05 18:34:35
童装,童裙,热门基础属性,"蛋糕裙 : 136,945/44,876",2019-10-05 18:34:35
童装,童裙,热门基础属性,"背带裙 : 44,876/49,323",2019-10-05 18:34:35
童装,童裙,热门基础属性,"秋季 : 49,323/28,461",2019-10-05 18:34:35
童装,童裙,热门基础属性,"春季 : 28,461/23,627",2019-10-05 18:34:35
童装,童裙,热门基础属性,"夏季 : 23,627/10,762",2019-10-05 18:34:35
童装,童裙,热门基础属性,"春秋 : 10,762/17,528",2019-10-05 18:34:35
童装,童裙,热门基础属性,"冬季 : 17,528/8,470",2019-10-05 18:34:35
童装,童裙,热门基础属性,"公主 : 8,470/330,397",2019-10-05 18:34:35
童装,童裙,热门基础属性,"可爱 : 330,397/144,610",2019-10-05 18:34:35
童装,童裙,热门基础属性,"网纱 : 144,610/46,859",2019-10-05 18:34:35
童装,童裙,热门基础属性,"印花 : 46,859/20,252",2019-10-05 18:34:35
童装,童裙,热门基础属性,"蕾丝 : 20,252/13,833",2019-10-05 18:34:35
童装,童套装,热门基础属性,"两件套 : 907,512/459,135",2019-10-05 18:34:35
童装,童套装,热门基础属性,"三件套 : 459,135/136,690",2019-10-05 18:34:35
童装,童套装,热门基础属性,"多件套 : 136,690/54,392",2019-10-05 18:34:35
童装,童套装,热门基础属性,"长袖 : 54,392/38,202",2019-10-05 18:34:35
童装,童套装,热门基础属性,"短袖 : 38,202/206,333",2019-10-05 18:34:35
童装,童套装,热门基础属性,"无袖 : 206,333/878,434",2019-10-05 18:34:35
童装,童套装,热门基础属性,"七分 : 878,434/396,798",2019-10-05 18:34:35
童装,童套装,热门基础属性,"五分袖/中袖 : 396,798/136,439",2019-10-05 18:34:35
童装,童套装,热门基础属性,"秋季 : 136,439/168,944",2019-10-05 18:34:35
童装,童套装,热门基础属性,"春季 : 168,944/49,349",2019-10-05 18:34:35
童装,童套装,热门基础属性,"冬季 : 49,349/140,958",2019-10-05 18:34:35
童装,童套装,热门基础属性,"夏季 : 140,958/2,867",2019-10-05 18:34:35
童装,童套装,热门基础属性,"春秋 : 2,867/2,098",2019-10-05 18:34:35
童装,童套装,热门基础属性,"韩版 : 2,098/2,453",2019-10-05 18:34:35
童装,童套装,热门基础属性,"休闲 : 2,453/2,286",2019-10-05 18:34:35
童装,童套装,热门基础属性,"欧美 : 2,286/784,682",2019-10-05 18:34:35
童装,童套装,热门基础属性,"运动 : 784,682/287,121",2019-10-05 18:34:35
童装,童套装,热门基础属性,"公主 : 287,121/572,973",2019-10-05 18:34:35
童装,童套装,热门基础属性,"可爱 : 572,973/360,418",2019-10-05 18:34:35
童装,童套装,热门基础属性,"卡通 : 360,418/240,296",2019-10-05 18:34:35
童装,童套装,热门基础属性,"运动 : 240,296/67,273",2019-10-05 18:34:35
童装,童套装,热门基础属性,"印花 : 67,273/217,889",2019-10-05 18:34:35
童装,童套装,热门基础属性,"公主 : 217,889/241,515",2019-10-05 18:34:35
童装,童外套/夹克/大衣,热门基础属性,"韩版 : 317,628/126,538",2019-10-05 18:34:35
童装,童外套/夹克/大衣,热门基础属性,"休闲 : 126,538/56,055",2019-10-05 18:34:35
童装,童外套/夹克/大衣,热门基础属性,"欧美 : 56,055/34,822",2019-10-05 18:34:35
童装,童外套/夹克/大衣,热门基础属性,"百搭 : 34,822/32,514",2019-10-05 18:34:35
童装,童外套/夹克/大衣,热门基础属性,"运动 : 32,514/9,851",2019-10-05 18:34:35
童装,童外套/夹克/大衣,热门基础属性,"秋季 : 9,851/10,441",2019-10-05 18:34:35
童装,童外套/夹克/大衣,热门基础属性,"冬季 : 10,441/5,867",2019-10-05 18:34:35
童装,童外套/夹克/大衣,热门基础属性,"春秋 : 5,867/6,205",2019-10-05 18:34:35
童装,童外套/夹克/大衣,热门基础属性,"春季 : 6,205/3,950",2019-10-05 18:34:35
童装,童外套/夹克/大衣,热门基础属性,"夏季 : 3,950/290,078",2019-10-05 18:34:35
童装,童外套/夹克/大衣,热门基础属性,"短款 : 290,078/97,006",2019-10-05 18:34:35
童装,童外套/夹克/大衣,热门基础属性,"中长款 : 97,006/176,326",2019-10-05 18:34:35
童装,童外套/夹克/大衣,热门基础属性,"长款 : 176,326/55,032",2019-10-05 18:34:35
童装,童外套/夹克/大衣,热门基础属性,"纯色 : 55,032/173,183",2019-10-05 18:34:35
童装,童外套/夹克/大衣,热门基础属性,"卡通 : 173,183/78,895",2019-10-05 18:34:35
童装,童外套/夹克/大衣,热门基础属性,"字母 : 78,895/157,682",2019-10-05 18:34:35
童装,童外套/夹克/大衣,热门基础属性,"格子 : 157,682/53,524",2019-10-05 18:34:35
童装,童外套/夹克/大衣,热门基础属性,"迷彩 : 53,524/10,817",2019-10-05 18:34:35
童装,童外套/夹克/大衣,热门基础属性,"开衫 : 10,817/8,382",2019-10-05 18:34:35
童装,童外套/夹克/大衣,热门基础属性,"卡通 : 8,382/187,187",2019-10-05 18:34:35
童装,童外套/夹克/大衣,热门基础属性,"字母 : 187,187/64,988",2019-10-05 18:34:35
童装,童外套/夹克/大衣,热门基础属性,"印花 : 64,988/173,047",2019-10-05 18:34:35
童装,童外套/夹克/大衣,热门基础属性,"拼色 : 173,047/64,839",2019-10-05 18:34:35
童装,童卫衣,热门基础属性,"长袖 : 290,019/89,298",2019-10-05 18:34:35
童装,童卫衣,热门基础属性,"短袖 : 89,298/779",2019-10-05 18:34:35
童装,童卫衣,热门基础属性,无袖 : 779/432,2019-10-05 18:34:35
童装,童卫衣,热门基础属性,七分 : 432/367,2019-10-05 18:34:35
童装,童卫衣,热门基础属性,五分袖/中袖 : 367/307,2019-10-05 18:34:35
童装,童卫衣,热门基础属性,秋季 : 307/83,2019-10-05 18:34:35
童装,童卫衣,热门基础属性,冬季 : 83/91,2019-10-05 18:34:35
童装,童卫衣,热门基础属性,春秋 : 91/35,2019-10-05 18:34:35
童装,童卫衣,热门基础属性,春季 : 35/24,2019-10-05 18:34:35
童装,童卫衣,热门基础属性,"夏季 : 24/214,362",2019-10-05 18:34:35
童装,童卫衣,热门基础属性,"韩版 : 214,362/61,920",2019-10-05 18:34:35
童装,童卫衣,热门基础属性,"休闲 : 61,920/128,694",2019-10-05 18:34:35
童装,童卫衣,热门基础属性,"欧美 : 128,694/35,475",2019-10-05 18:34:35
童装,童卫衣,热门基础属性,"运动 : 35,475/120,286",2019-10-05 18:34:35
童装,童卫衣,热门基础属性,"百搭 : 120,286/36,140",2019-10-05 18:34:35
童装,童卫衣,热门基础属性,"卡通 : 36,140/113,914",2019-10-05 18:34:35
童装,童卫衣,热门基础属性,"字母 : 113,914/35,563",2019-10-05 18:34:35
童装,童卫衣,热门基础属性,"纯色 : 35,563/5,073",2019-10-05 18:34:35
童装,童卫衣,热门基础属性,"条纹 : 5,073/1,774",2019-10-05 18:34:35
童装,童卫衣,热门基础属性,"格子 : 1,774/207,769",2019-10-05 18:34:35
童装,童卫衣,热门基础属性,"卡通 : 207,769/65,845",2019-10-05 18:34:35
童装,童卫衣,热门基础属性,"字母 : 65,845/45,449",2019-10-05 18:34:35
童装,童卫衣,热门基础属性,"印花 : 45,449/18,673",2019-10-05 18:34:35
童装,童卫衣,热门基础属性,"运动 : 18,673/23,548",2019-10-05 18:34:35
童装,童卫衣,热门基础属性,"条纹 : 23,548/7,048",2019-10-05 18:34:35
童装,童羽绒服/羽绒内胆,热门基础属性,"冬季 : 92,653/24,561",2019-10-05 18:34:36
童装,童羽绒服/羽绒内胆,热门基础属性,"秋季 : 24,561/31,891",2019-10-05 18:34:36
童装,童羽绒服/羽绒内胆,热门基础属性,"春季 : 31,891/7,244",2019-10-05 18:34:36
童装,童羽绒服/羽绒内胆,热门基础属性,"韩版 : 7,244/8,669",2019-10-05 18:34:36
童装,童羽绒服/羽绒内胆,热门基础属性,"休闲 : 8,669/3,202",2019-10-05 18:34:36
童装,童羽绒服/羽绒内胆,热门基础属性,"欧美 : 3,202/75,335",2019-10-05 18:34:36
童装,童羽绒服/羽绒内胆,热门基础属性,"运动 : 75,335/18,974",2019-10-05 18:34:36
童装,童羽绒服/羽绒内胆,热门基础属性,"甜美 : 18,974/12,693",2019-10-05 18:34:36
童装,童羽绒服/羽绒内胆,热门基础属性,"加厚 : 12,693/4,169",2019-10-05 18:34:36
童装,童羽绒服/羽绒内胆,热门基础属性,"薄款 : 4,169/7,450",2019-10-05 18:34:36
童装,童羽绒服/羽绒内胆,热门基础属性,"抓绒 : 7,450/2,693",2019-10-05 18:34:36
童装,童羽绒服/羽绒内胆,热门基础属性,"中长款 : 2,693/2,261",2019-10-05 18:34:36
童装,童羽绒服/羽绒内胆,热门基础属性,"短款 : 2,261/608",2019-10-05 18:34:36
童装,童羽绒服/羽绒内胆,热门基础属性,"长款 : 608/1,629",2019-10-05 18:34:36
童装,童羽绒服/羽绒内胆,热门基础属性,"儿童羽绒服 : 1,629/537",2019-10-05 18:34:36
童装,童羽绒服/羽绒内胆,热门基础属性,"巴拉巴拉 : 537/72,711",2019-10-05 18:34:36
童装,童羽绒服/羽绒内胆,热门基础属性,"馨聚点 : 72,711/17,238",2019-10-05 18:34:36
童装,童羽绒服/羽绒内胆,热门基础属性,"自然系 : 17,238/5,983",2019-10-05 18:34:36
童装,童羽绒服/羽绒内胆,热门基础属性,"宝儿宝 : 5,983/1,744",2019-10-05 18:34:36
童装,童针织衫,热门基础属性,"秋季 : 29,743/10,140",2019-10-05 18:34:36
童装,童针织衫,热门基础属性,"冬季 : 10,140/18,392",2019-10-05 18:34:36
童装,童针织衫,热门基础属性,"春季 : 18,392/6,604",2019-10-05 18:34:36
童装,童针织衫,热门基础属性,"春秋 : 6,604/17,754",2019-10-05 18:34:36
童装,童针织衫,热门基础属性,"夏季 : 17,754/6,300",2019-10-05 18:34:36
童装,童针织衫,热门基础属性,"韩版 : 6,300/14,539",2019-10-05 18:34:36
童装,童针织衫,热门基础属性,"休闲 : 14,539/4,676",2019-10-05 18:34:36
童装,童针织衫,热门基础属性,"欧美 : 4,676/3,732",2019-10-05 18:34:36
童装,童针织衫,热门基础属性,"甜美 : 3,732/1,155",2019-10-05 18:34:36
童装,童针织衫,热门基础属性,"百搭 : 1,155/24,553",2019-10-05 18:34:36
童装,童针织衫,热门基础属性,"圆领 : 24,553/14,868",2019-10-05 18:34:36
童装,童针织衫,热门基础属性,"高领 : 14,868/5,047",2019-10-05 18:34:36
童装,童针织衫,热门基础属性,"翻领 : 5,047/2,408",2019-10-05 18:34:36
童装,童针织衫,热门基础属性,"半高领 : 2,408/4,562",2019-10-05 18:34:36
童装,童针织衫,热门基础属性,"纯色 : 4,562/1,467",2019-10-05 18:34:36
童装,童针织衫,热门基础属性,"卡通 : 1,467/2,777",2019-10-05 18:34:36
童装,童针织衫,热门基础属性,"条纹 : 2,777/679",2019-10-05 18:34:36
童装,童针织衫,热门基础属性,"字母 : 679/2,251",2019-10-05 18:34:36
童装,童针织衫,热门基础属性,"格子 : 2,251/697",2019-10-05 18:34:36
童装,童针织衫,热门基础属性,"开衫 : 697/22,946",2019-10-05 18:34:36
童装,童针织衫,热门基础属性,"卡通 : 22,946/7,858",2019-10-05 18:34:36
童装,童针织衫,热门基础属性,"欧美 : 7,858/2,194",2019-10-05 18:34:36
童装,童针织衫,热门基础属性,"条纹 : 2,194/667",2019-10-05 18:34:36
童装,童针织衫,热门基础属性,"套装 : 667/1,689",2019-10-05 18:34:36
童装,童装加工定制,热门基础属性,"来样加工 : 2,769/2,345",2019-10-05 18:34:36
童装,童装加工定制,热门基础属性,"贴牌加工 : 2,345/2,662",2019-10-05 18:34:36
童装,童装加工定制,热门基础属性,"来图加工 : 2,662/2,211",2019-10-05 18:34:36
童装,童装加工定制,热门基础属性,"针织 : 2,211/2,567",2019-10-05 18:34:36
童装,童装加工定制,热门基础属性,"梭织 : 2,567/2,154",2019-10-05 18:34:36
童装,童装加工定制,热门基础属性,"毛织 : 2,154/1,784",2019-10-05 18:34:36
童装,童装加工定制,热门基础属性,"牛仔 : 1,784/1,693",2019-10-05 18:34:36
童装,童装加工定制,热门基础属性,"婚纱/礼服 : 1,693/533",2019-10-05 18:34:36
童装,童装加工定制,热门基础属性,针织 : 533/310,2019-10-05 18:34:36
童装,童装加工定制,热门基础属性,梭织 : 310/446,2019-10-05 18:34:36
童装,童装加工定制,热门基础属性,毛衫 : 446/298,2019-10-05 18:34:36
童装,童装加工定制,热门基础属性,牛仔 : 298/84,2019-10-05 18:34:36
童装,童装加工定制,热门基础属性,印花 : 84/87,2019-10-05 18:34:36
童装,童装加工定制,热门基础属性,针织 : 87/8,2019-10-05 18:34:36
童装,童装加工定制,热门基础属性,提花 : 8/8,2019-10-05 18:34:36
童装,童装加工定制,热门基础属性,"梭织 : 8/1,648",2019-10-05 18:34:36
童装,童装加工定制,热门基础属性,"蕾丝 : 1,648/1,594",2019-10-05 18:34:36
童装,童装加工定制,热门基础属性,"连身衣/爬服 : 1,594/595",2019-10-05 18:34:36
童装,童装加工定制,热门基础属性,套装 : 595/313,2019-10-05 18:34:36
童装,童装加工定制,热门基础属性,连衣裙 : 313/400,2019-10-05 18:34:36
童装,童装加工定制,热门基础属性,卫衣 : 400/255,2019-10-05 18:34:36
童装,童装杂款包,热门基础属性,日韩 : 236/452,2019-10-05 18:34:36
童装,童装杂款包,热门基础属性,卡通可爱 : 452/159,2019-10-05 18:34:36
童装,童装杂款包,热门基础属性,小清新 : 159/784,2019-10-05 18:34:36
童装,童装杂款包,热门基础属性,田园风 : 784/57,2019-10-05 18:34:36
童装,童装杂款包,热门基础属性,韩版 : 57/289,2019-10-05 18:34:36
童装,童装杂款包,热门基础属性,羊羔毛 : 289/49,2019-10-05 18:34:36
童装,童装杂款包,热门基础属性,牛仔 : 49/195,2019-10-05 18:34:36
童装,童装杂款包,热门基础属性,1元链接 … : 195/48,2019-10-05 18:34:36
童装,童装杂款包,热门基础属性,蕾丝 : 48/89,2019-10-05 18:34:36
童装,童装杂款包,热门基础属性,勿乱拍 : 89/70,2019-10-05 18:34:36
童装,童装杂款包,热门基础属性,实体店 : 70/2,2019-10-05 18:34:36
童装,童装杂款包,热门基础属性,品牌折扣童装 : 2/36,2019-10-05 18:34:36
童装,童装杂款包,热门基础属性,品牌折扣童装 : 36/216,2019-10-05 18:34:36
童装,童装杂款包,热门基础属性,麦哈派 : 216/10,2019-10-05 18:34:36
童装,童装杂款包,热门基础属性,品牌折扣童装 : 10/1,2019-10-05 18:34:36
童装,童装杂款包,热门基础属性,金果果 : 1/5,2019-10-05 18:34:36
童装,童装杂款包,热门基础属性,乐果果 : 5/4,2019-10-05 18:34:36
童装,童装杂款包,热门基础属性,武林兵团 : 4/3,2019-10-05 18:34:36
童装,校服/校服定制,热门基础属性,"套装 : 63,248/47,887",2019-10-05 18:34:37
童装,校服/校服定制,热门基础属性,"运动 : 47,887/49,431",2019-10-05 18:34:37
童装,校服/校服定制,热门基础属性,"英伦 : 49,431/32,664",2019-10-05 18:34:37
童装,校服/校服定制,热门基础属性,"条纹 : 32,664/27,132",2019-10-05 18:34:37
童装,校服/校服定制,热门基础属性,"格子 : 27,132/16,564",2019-10-05 18:34:37
童装,校服/校服定制,热门基础属性,"秋季 : 16,564/5,924",2019-10-05 18:34:37
童装,校服/校服定制,热门基础属性,"春秋 : 5,924/3,808",2019-10-05 18:34:37
童装,校服/校服定制,热门基础属性,"春季 : 3,808/2,889",2019-10-05 18:34:37
童装,校服/校服定制,热门基础属性,"冬季 : 2,889/2,416",2019-10-05 18:34:37
童装,校服/校服定制,热门基础属性,"夏季 : 2,416/46,486",2019-10-05 18:34:37
童装,校服/校服定制,热门基础属性,"学院 : 46,486/26,441",2019-10-05 18:34:37
童装,校服/校服定制,热门基础属性,"运动 : 26,441/41,982",2019-10-05 18:34:37
童装,校服/校服定制,热门基础属性,"英伦 : 41,982/25,155",2019-10-05 18:34:37
童装,校服/校服定制,热门基础属性,"休闲 : 25,155/39,777",2019-10-05 18:34:37
童装,校服/校服定制,热门基础属性,"韩版 : 39,777/21,058",2019-10-05 18:34:37
童装,校服/校服定制,热门基础属性,"红色 : 21,058/25,284",2019-10-05 18:34:37
童装,校服/校服定制,热门基础属性,"女童 : 25,284/13,624",2019-10-05 18:34:37
童装,校服/校服定制,热门基础属性,"三件套 : 13,624/19,987",2019-10-05 18:34:37
童装,校服/校服定制,热门基础属性,"马甲 : 19,987/32,903",2019-10-05 18:34:37
童装,校服/校服定制,热门基础属性,"半身裙 : 32,903/26,237",2019-10-05 18:34:37
童装,校服/校服定制,热门基础属性,"两件套 : 26,237/25,479",2019-10-05 18:34:37
童装,校服/校服定制,热门基础属性,"三件套 : 25,479/20,611",2019-10-05 18:34:37
童装,校服/校服定制,热门基础属性,"套装 : 20,611/16,270",2019-10-05 18:34:37
童装,校服/校服定制,热门基础属性,"运动套装 : 16,270/12,415",2019-10-05 18:34:37
童装,校服/校服定制,热门基础属性,"运动 : 12,415/9,778",2019-10-05 18:34:37
童装,婴儿礼盒,热门基础属性,"服装+配件… : 11,211/1,452",2019-10-05 18:34:37
童装,婴儿礼盒,热门基础属性,"服装+鞋+… : 1,452/3,420",2019-10-05 18:34:37
童装,婴儿礼盒,热门基础属性,"服装 : 3,420/466",2019-10-05 18:34:37
童装,婴儿礼盒,热门基础属性,"配件/用品 : 466/2,524",2019-10-05 18:34:37
童装,婴儿礼盒,热门基础属性,"配件套装 : 2,524/4,560",2019-10-05 18:34:37
童装,婴儿礼盒,热门基础属性,"秋季 : 4,560/2,290",2019-10-05 18:34:37
童装,婴儿礼盒,热门基础属性,"春季 : 2,290/772",2019-10-05 18:34:37
童装,婴儿礼盒,热门基础属性,"冬季 : 772/1,344",2019-10-05 18:34:37
童装,婴儿礼盒,热门基础属性,"春秋 : 1,344/2,711",2019-10-05 18:34:37
童装,婴儿礼盒,热门基础属性,"夏季 : 2,711/10,955",2019-10-05 18:34:37
童装,婴儿礼盒,热门基础属性,"套装 : 10,955/1,843",2019-10-05 18:34:37
童装,婴儿礼盒,热门基础属性,"卡通 : 1,843/10,826",2019-10-05 18:34:37
童装,婴儿礼盒,热门基础属性,"运动 : 10,826/4,785",2019-10-05 18:34:37
童装,婴儿礼盒,热门基础属性,"公主 : 4,785/9,919",2019-10-05 18:34:37
童装,婴儿礼盒,热门基础属性,"欧美 : 9,919/2,024",2019-10-05 18:34:37
童装,婴儿礼盒,热门基础属性,"新生儿 : 2,024/8,962",2019-10-05 18:34:37
童装,婴儿礼盒,热门基础属性,"0-3个月 : 8,962/2,176",2019-10-05 18:34:37
童装,婴儿礼盒,热门基础属性,"41 : 2,176/7,258",2019-10-05 18:34:37
童装,婴儿礼盒,热门基础属性,"42 : 7,258/2,164",2019-10-05 18:34:37
童装,婴儿礼盒,热门基础属性,"43 : 2,164/9,419",2019-10-05 18:34:37
